{
	"start":	{
		"connected":	[{
				"socket":	5,
				"local_host":	"10.0.0.1",
				"local_port":	49080,
				"remote_host":	"10.0.0.2",
				"remote_port":	7777
			}],
		"version":	"iperf 3.7",
		"system_info":	"Linux sergey 5.13.0-39-generic #44~20.04.1-Ubuntu SMP Thu Mar 24 16:43:35 UTC 2022 x86_64",
		"timestamp":	{
			"time":	"Mon, 11 Apr 2022 13:29:51 GMT",
			"timesecs":	1649683791
		},
		"connecting_to":	{
			"host":	"10.0.0.2",
			"port":	7777
		},
		"cookie":	"uuq7b62qimpadj7asmoqvz7cxzkr6bbxewzr",
		"tcp_mss_default":	1448,
		"sock_bufsize":	0,
		"sndbuf_actual":	87380,
		"rcvbuf_actual":	87380,
		"test_start":	{
			"protocol":	"TCP",
			"num_streams":	1,
			"blksize":	131072,
			"omit":	0,
			"duration":	30,
			"bytes":	0,
			"blocks":	0,
			"reverse":	0,
			"tos":	0
		}
	},
	"intervals":	[{
			"streams":	[{
					"socket":	5,
					"start":	0,
					"end":	1.000344,
					"seconds":	1.0003440380096436,
					"bytes":	8164944,
					"bits_per_second":	65297087.320042893,
					"retransmits":	666,
					"snd_cwnd":	331592,
					"rtt":	94841,
					"rttvar":	3351,
					"pmtu":	1500,
					"omitted":	false,
					"sender":	true
				}],
			"sum":	{
				"start":	0,
				"end":	1.000344,
				"seconds":	1.0003440380096436,
				"bytes":	8164944,
				"bits_per_second":	65297087.320042893,
				"retransmits":	666,
				"omitted":	false,
				"sender":	true
			}
		}, {
			"streams":	[{
					"socket":	5,
					"start":	1.000344,
					"end":	2.000188,
					"seconds":	0.9998440146446228,
					"bytes":	3932160,
					"bits_per_second":	31462187.640520051,
					"retransmits":	50,
					"snd_cwnd":	53576,
					"rtt":	60945,
					"rttvar":	4468,
					"pmtu":	1500,
					"omitted":	false,
					"sender":	true
				}],
			"sum":	{
				"start":	1.000344,
				"end":	2.000188,
				"seconds":	0.9998440146446228,
				"bytes":	3932160,
				"bits_per_second":	31462187.640520051,
				"retransmits":	50,
				"omitted":	false,
				"sender":	true
			}
		}, {
			"streams":	[{
					"socket":	5,
					"start":	2.000188,
					"end":	3.000447,
					"seconds":	1.0002590417861938,
					"bytes":	0,
					"bits_per_second":	0,
					"retransmits":	0,
					"snd_cwnd":	79640,
					"rtt":	62653,
					"rttvar":	4253,
					"pmtu":	1500,
					"omitted":	false,
					"sender":	true
				}],
			"sum":	{
				"start":	2.000188,
				"end":	3.000447,
				"seconds":	1.0002590417861938,
				"bytes":	0,
				"bits_per_second":	0,
				"retransmits":	0,
				"omitted":	false,
				"sender":	true
			}
		}, {
			"streams":	[{
					"socket":	5,
					"start":	3.000447,
					"end":	4.000191,
					"seconds":	0.9997439980506897,
					"bytes":	2621440,
					"bits_per_second":	20976890.124762408,
					"retransmits":	0,
					"snd_cwnd":	105704,
					"rtt":	59488,
					"rttvar":	7047,
					"pmtu":	1500,
					"omitted":	false,
					"sender":	true
				}],
			"sum":	{
				"start":	3.000447,
				"end":	4.000191,
				"seconds":	0.9997439980506897,
				"bytes":	2621440,
				"bits_per_second":	20976890.124762408,
				"retransmits":	0,
				"omitted":	false,
				"sender":	true
			}
		}, {
			"streams":	[{
					"socket":	5,
					"start":	4.000191,
					"end":	5.000456,
					"seconds":	1.0002650022506714,
					"bytes":	1310720,
					"bits_per_second":	10482981.986179914,
					"retransmits":	0,
					"snd_cwnd":	131768,
					"rtt":	59230,
					"rttvar":	4470,
					"pmtu":	1500,
					"omitted":	false,
					"sender":	true
				}],
			"sum":	{
				"start":	4.000191,
				"end":	5.000456,
				"seconds":	1.0002650022506714,
				"bytes":	1310720,
				"bits_per_second":	10482981.986179914,
				"retransmits":	0,
				"omitted":	false,
				"sender":	true
			}
		}, {
			"streams":	[{
					"socket":	5,
					"start":	5.000456,
					"end":	6.000459,
					"seconds":	1.0000029802322388,
					"bytes":	2621440,
					"bits_per_second":	20971457.500186265,
					"retransmits":	0,
					"snd_cwnd":	157832,
					"rtt":	57747,
					"rttvar":	8771,
					"pmtu":	1500,
					"omitted":	false,
					"sender":	true
				}],
			"sum":	{
				"start":	5.000456,
				"end":	6.000459,
				"seconds":	1.0000029802322388,
				"bytes":	2621440,
				"bits_per_second":	20971457.500186265,
				"retransmits":	0,
				"omitted":	false,
				"sender":	true
			}
		}, {
			"streams":	[{
					"socket":	5,
					"start":	6.000459,
					"end":	7.000131,
					"seconds":	0.999671995639801,
					"bytes":	3932160,
					"bits_per_second":	31467601.51050045,
					"retransmits":	0,
					"snd_cwnd":	183896,
					"rtt":	56128,
					"rttvar":	3038,
					"pmtu":	1500,
					"omitted":	false,
					"sender":	true
				}],
			"sum":	{
				"start":	6.000459,
				"end":	7.000131,
				"seconds":	0.999671995639801,
				"bytes":	3932160,
				"bits_per_second":	31467601.51050045,
				"retransmits":	0,
				"omitted":	false,
				"sender":	true
			}
		}, {
			"streams":	[{
					"socket":	5,
					"start":	7.000131,
					"end":	8.000156,
					"seconds":	1.0000250339508057,
					"bytes":	2621440,
					"bits_per_second":	20970995.013142496,
					"retransmits":	0,
					"snd_cwnd":	209960,
					"rtt":	60804,
					"rttvar":	2740,
					"pmtu":	1500,
					"omitted":	false,
					"sender":	true
				}],
			"sum":	{
				"start":	7.000131,
				"end":	8.000156,
				"seconds":	1.0000250339508057,
				"bytes":	2621440,
				"bits_per_second":	20970995.013142496,
				"retransmits":	0,
				"omitted":	false,
				"sender":	true
			}
		}, {
			"streams":	[{
					"socket":	5,
					"start":	8.000156,
					"end":	9.00006,
					"seconds":	0.99990397691726685,
					"bytes":	5242880,
					"bits_per_second":	41947067.886770107,
					"retransmits":	0,
					"snd_cwnd":	236024,
					"rtt":	60116,
					"rttvar":	2388,
					"pmtu":	1500,
					"omitted":	false,
					"sender":	true
				}],
			"sum":	{
				"start":	8.000156,
				"end":	9.00006,
				"seconds":	0.99990397691726685,
				"bytes":	5242880,
				"bits_per_second":	41947067.886770107,
				"retransmits":	0,
				"omitted":	false,
				"sender":	true
			}
		}, {
			"streams":	[{
					"socket":	5,
					"start":	9.00006,
					"end":	10.000146,
					"seconds":	1.0000859498977661,
					"bytes":	3932160,
					"bits_per_second":	31454576.482367065,
					"retransmits":	0,
					"snd_cwnd":	262088,
					"rtt":	62572,
					"rttvar":	4328,
					"pmtu":	1500,
					"omitted":	false,
					"sender":	true
				}],
			"sum":	{
				"start":	9.00006,
				"end":	10.000146,
				"seconds":	1.0000859498977661,
				"bytes":	3932160,
				"bits_per_second":	31454576.482367065,
				"retransmits":	0,
				"omitted":	false,
				"sender":	true
			}
		}, {
			"streams":	[{
					"socket":	5,
					"start":	10.000146,
					"end":	11.000082,
					"seconds":	0.99993598461151123,
					"bytes":	5242880,
					"bits_per_second":	41945725.171892323,
					"retransmits":	0,
					"snd_cwnd":	286704,
					"rtt":	59596,
					"rttvar":	3264,
					"pmtu":	1500,
					"omitted":	false,
					"sender":	true
				}],
			"sum":	{
				"start":	10.000146,
				"end":	11.000082,
				"seconds":	0.99993598461151123,
				"bytes":	5242880,
				"bits_per_second":	41945725.171892323,
				"retransmits":	0,
				"omitted":	false,
				"sender":	true
			}
		}, {
			"streams":	[{
					"socket":	5,
					"start":	11.000082,
					"end":	12.000077,
					"seconds":	0.99999499320983887,
					"bytes":	5242880,
					"bits_per_second":	41943250.001051433,
					"retransmits":	0,
					"snd_cwnd":	312768,
					"rtt":	65798,
					"rttvar":	6170,
					"pmtu":	1500,
					"omitted":	false,
					"sender":	true
				}],
			"sum":	{
				"start":	11.000082,
				"end":	12.000077,
				"seconds":	0.99999499320983887,
				"bytes":	5242880,
				"bits_per_second":	41943250.001051433,
				"retransmits":	0,
				"omitted":	false,
				"sender":	true
			}
		}, {
			"streams":	[{
					"socket":	5,
					"start":	12.000077,
					"end":	13.000142,
					"seconds":	1.0000649690628052,
					"bytes":	5242880,
					"bits_per_second":	41940315.177029192,
					"retransmits":	0,
					"snd_cwnd":	338832,
					"rtt":	59434,
					"rttvar":	3149,
					"pmtu":	1500,
					"omitted":	false,
					"sender":	true
				}],