{
	"start":	{
		"connected":	[{
				"socket":	5,
				"local_host":	"10.0.0.1",
				"local_port":	38792,
				"remote_host":	"10.0.0.2",
				"remote_port":	5201
			}],
		"version":	"iperf 3.7",
		"system_info":	"Linux sergey 5.11.0-38-generic #42~20.04.1-Ubuntu SMP Tue Sep 28 20:41:07 UTC 2021 x86_64",
		"timestamp":	{
			"time":	"Sun, 21 Nov 2021 14:53:11 GMT",
			"timesecs":	1637506391
		},
		"connecting_to":	{
			"host":	"10.0.0.2",
			"port":	5201
		},
		"cookie":	"attnhoa5v3xduwrnrhnhb4yniav2ado6zlgc",
		"tcp_mss_default":	1448,
		"sock_bufsize":	0,
		"sndbuf_actual":	87380,
		"rcvbuf_actual":	87380,
		"test_start":	{
			"protocol":	"TCP",
			"num_streams":	1,
			"blksize":	131072,
			"omit":	0,
			"duration":	10,
			"bytes":	0,
			"blocks":	0,
			"reverse":	0,
			"tos":	0
		}
	},
	"intervals":	[{
			"streams":	[{
					"socket":	5,
					"start":	0,
					"end":	1.000179,
					"seconds":	1.0001790523529053,
					"bytes":	6396376,
					"bits_per_second":	51161847.350852847,
					"retransmits":	290,
					"snd_cwnd":	217200,
					"rtt":	57695,
					"rttvar":	5463,
					"pmtu":	1500,
					"omitted":	false,
					"sender":	true
				}],
			"sum":	{
				"start":	0,
				"end":	1.000179,
				"seconds":	1.0001790523529053,
				"bytes":	6396376,
				"bits_per_second":	51161847.350852847,
				"retransmits":	290,
				"omitted":	false,
				"sender":	true
			}
		}, {
			"streams":	[{
					"socket":	5,
					"start":	1.000179,
					"end":	2.000067,
					"seconds":	0.999888002872467,
					"bytes":	5242880,
					"bits_per_second":	41947738.026165433,
					"retransmits":	5,
					"snd_cwnd":	250504,
					"rtt":	59155,
					"rttvar":	4886,
					"pmtu":	1500,
					"omitted":	false,
					"sender":	true
				}],
			"sum":	{
				"start":	1.000179,
				"end":	2.000067,
				"seconds":	0.999888002872467,
				"bytes":	5242880,
				"bits_per_second":	41947738.026165433,
				"retransmits":	5,
				"omitted":	false,
				"sender":	true
			}
		}, {
			"streams":	[{
					"socket":	5,
					"start":	2.000067,
					"end":	3.000177,
					"seconds":	1.0001100301742554,
					"bytes":	3932160,
					"bits_per_second":	31453819.130800042,
					"retransmits":	0,
					"snd_cwnd":	266432,
					"rtt":	58909,
					"rttvar":	4342,
					"pmtu":	1500,
					"omitted":	false,
					"sender":	true
				}],
			"sum":	{
				"start":	2.000067,
				"end":	3.000177,
				"seconds":	1.0001100301742554,
				"bytes":	3932160,
				"bits_per_second":	31453819.130800042,
				"retransmits":	0,
				"omitted":	false,
				"sender":	true
			}
		}, {
			"streams":	[{
					"socket":	5,
					"start":	3.000177,
					"end":	4.00024,
					"seconds":	1.0000629425048828,
					"bytes":	3932160,
					"bits_per_second":	31455300.124618314,
					"retransmits":	18,
					"snd_cwnd":	141904,
					"rtt":	60650,
					"rttvar":	5376,
					"pmtu":	1500,
					"omitted":	false,
					"sender":	true
				}],
			"sum":	{
				"start":	3.000177,
				"end":	4.00024,
				"seconds":	1.0000629425048828,
				"bytes":	3932160,
				"bits_per_second":	31455300.124618314,
				"retransmits":	18,
				"omitted":	false,
				"sender":	true
			}
		}, {
			"streams":	[{
					"socket":	5,
					"start":	4.00024,
					"end":	5.000183,
					"seconds":	0.99994301795959473,
					"bytes":	1310720,
					"bits_per_second":	10486357.53404871,
					"retransmits":	33,
					"snd_cwnd":	76744,
					"rtt":	63459,
					"rttvar":	4640,
					"pmtu":	1500,
					"omitted":	false,
					"sender":	true
				}],
			"sum":	{
				"start":	4.00024,
				"end":	5.000183,
				"seconds":	0.99994301795959473,
				"bytes":	1310720,
				"bits_per_second":	10486357.53404871,
				"retransmits":	33,
				"omitted":	false,
				"sender":	true
			}
		}, {
			"streams":	[{
					"socket":	5,
					"start":	5.000183,
					"end":	6.000174,
					"seconds":	0.99999099969863892,
					"bytes":	1310720,
					"bits_per_second":	10485854.375849411,
					"retransmits":	0,
					"snd_cwnd":	89776,
					"rtt":	64146,
					"rttvar":	7249,
					"pmtu":	1500,
					"omitted":	false,
					"sender":	true
				}],
			"sum":	{
				"start":	5.000183,
				"end":	6.000174,
				"seconds":	0.99999099969863892,
				"bytes":	1310720,
				"bits_per_second":	10485854.375849411,
				"retransmits":	0,
				"omitted":	false,
				"sender":	true
			}
		}, {
			"streams":	[{
					"socket":	5,
					"start":	6.000174,
					"end":	7.000173,
					"seconds":	0.99999898672103882,
					"bytes":	1310720,
					"bits_per_second":	10485770.625010766,
					"retransmits":	0,
					"snd_cwnd":	102808,
					"rtt":	60957,
					"rttvar":	7756,
					"pmtu":	1500,
					"omitted":	false,
					"sender":	true
				}],
			"sum":	{
				"start":	6.000174,
				"end":	7.000173,
				"seconds":	0.99999898672103882,
				"bytes":	1310720,
				"bits_per_second":	10485770.625010766,
				"retransmits":	0,
				"omitted":	false,
				"sender":	true
			}
		}, {
			"streams":	[{
					"socket":	5,
					"start":	7.000173,
					"end":	8.000168,
					"seconds":	0.99999499320983887,
					"bytes":	2621440,
					"bits_per_second":	20971625.000525717,
					"retransmits":	0,
					"snd_cwnd":	117288,
					"rtt":	58744,
					"rttvar":	3172,
					"pmtu":	1500,
					"omitted":	false,
					"sender":	true
				}],
			"sum":	{
				"start":	7.000173,
				"end":	8.000168,
				"seconds":	0.99999499320983887,
				"bytes":	2621440,
				"bits_per_second":	20971625.000525717,
				"retransmits":	0,
				"omitted":	false,
				"sender":	true
			}
		}, {
			"streams":	[{
					"socket":	5,
					"start":	8.000168,
					"end":	9.00003,
					"seconds":	0.999862015247345,
					"bytes":	2621440,
					"bits_per_second":	20974414.149348482,
					"retransmits":	0,
					"snd_cwnd":	131768,
					"rtt":	60730,
					"rttvar":	5156,
					"pmtu":	1500,
					"omitted":	false,
					"sender":	true
				}],
			"sum":	{
				"start":	8.000168,
				"end":	9.00003,
				"seconds":	0.999862015247345,
				"bytes":	2621440,
				"bits_per_second":	20974414.149348482,
				"retransmits":	0,
				"omitted":	false,
				"sender":	true
			}
		}, {
			"streams":	[{
					"socket":	5,
					"start":	9.00003,
					"end":	10.000124,
					"seconds":	1.0000940561294556,
					"bytes":	2621440,
					"bits_per_second":	20969547.685508266,
					"retransmits":	0,
					"snd_cwnd":	146248,
					"rtt":	61888,
					"rttvar":	8254,
					"pmtu":	1500,
					"omitted":	false,
					"sender":	true
				}],
			"sum":	{
				"start":	9.00003,
				"end":	10.000124,
				"seconds":	1.0000940561294556,
				"bytes":	2621440,
				"bits_per_second":	20969547.685508266,
				"retransmits":	0,
				"omitted":	false,
				"sender":	true
			}
		}],
	"end":	{
		"streams":	[{
				"sender":	{
					"socket":	5,
					"start":	0,
					"end":	10.000124,
					"seconds":	10.000124,
					"bytes":	31300056,
					"bits_per_second":	25039734.307294592,
					"retransmits":	346,
					"max_snd_cwnd":	266432,
					"max_rtt":	64146,
					"min_rtt":	57695,
					"mean_rtt":	60633,
					"sender":	true
				},
				"receiver":	{
					"socket":	5,
					"start":	0,
					"end":	10.038911,
					"seconds":	10.000124,
					"bytes":	27845040,
					"bits_per_second":	22189689.698414497,
					"sender":	true
				}
			}],
		"sum_sent":	{
			"start":	0,
			"end":	10.000124,
			"seconds":	10.000124,
			"bytes":	31300056,
			"bits_per_second":	25039734.307294592,
			"retransmits":	346,
			"sender":	true
		},
		"sum_received":	{
			"start":	0,
			"end":	10.038911,
			"seconds":	10.038911,
			"bytes":	27845040,
			"bits_per_second":	22189689.698414497,
			"sender":	true
		},
		"cpu_utilization_percent":	{
			"host_total":	1.2279076217557794,
			"host_user":	0.1594402712252069,
			"host_system":	1.0684576392215686,
			"remote_total":	0.25996589420689181,
			"remote_user":	0.085853703028965778,
			"remote_system":	0.17409302954350378
		},
		"sender_tcp_congestion":	"cubic",
		"receiver_tcp_congestion":	"cubic"
	}
}
